SGD, 3, -9, 3, -9, 100, 100, 100, 100, 0.3, 0.15, 1, 2, 0, 3, 1, 71.9
SGD, 3, -9, 3, -9, 100, 100, 100, 100, 0.3, 0.15, 1, 2, 0, 3, 2, 79.4
SGD, 3, -9, 3, -9, 100, 100, 100, 100, 0.3, 0.15, 1, 2, 0, 3, 3, 84.24
SGD, 3, -9, 3, -9, 100, 100, 100, 100, 0.3, 0.15, 1, 2, 0, 3, 4, 85.78
SGD, 3, -9, 3, -9, 100, 100, 100, 100, 0.3, 0.15, 1, 2, 0, 3, 5, 85.14
SGD, 3, -9, 3, -9, 100, 100, 100, 100, 0.3, 0.15, 1, 2, 0, 3, 6, 85.86
SGD, 3, -9, 3, -9, 100, 100, 100, 100, 0.3, 0.15, 1, 2, 0, 3, 7, 87.05
SGD, 3, -9, 3, -9, 100, 100, 100, 100, 0.3, 0.15, 1, 2, 0, 3, 8, 87.74
SGD, 3, -9, 3, -9, 100, 100, 100, 100, 0.3, 0.15, 1, 2, 0, 3, 9, 88.52
SGD, 3, -9, 3, -9, 100, 100, 100, 100, 0.3, 0.15, 1, 2, 0, 3, 10, 88.79
SGD, 3, -9, 3, -9, 100, 100, 100, 100, 0.3, 0.15, 1, 2, 0, 3, 11, 88.77
SGD, 3, -9, 3, -9, 100, 100, 100, 100, 0.3, 0.15, 1, 2, 0, 3, 12, 88.78
SGD, 3, -9, 3, -9, 100, 100, 100, 100, 0.3, 0.15, 1, 2, 0, 3, 13, 88.58
SGD, 3, -9, 3, -9, 100, 100, 100, 100, 0.3, 0.15, 1, 2, 0, 3, 14, 89.5
SGD, 3, -9, 3, -9, 100, 100, 100, 100, 0.3, 0.15, 1, 2, 0, 3, 15, 89.17
SGD, 3, -9, 3, -9, 100, 100, 100, 100, 0.3, 0.15, 1, 2, 0, 3, 16, 87.77
SGD, 3, -9, 3, -9, 100, 100, 100, 100, 0.3, 0.15, 1, 2, 0, 3, 17, 87.42
SGD, 3, -9, 3, -9, 100, 100, 100, 100, 0.3, 0.15, 1, 2, 0, 3, 18, 89.22
SGD, 3, -9, 3, -9, 100, 100, 100, 100, 0.3, 0.15, 1, 2, 0, 3, 19, 90.13
SGD, 3, -9, 3, -9, 100, 100, 100, 100, 0.3, 0.15, 1, 2, 0, 3, 20, 89.87
SGD, 3, -9, 3, -9, 100, 100, 100, 100, 0.3, 0.15, 1, 2, 0, 3, 21, 89.49
SGD, 3, -9, 3, -9, 100, 100, 100, 100, 0.3, 0.15, 1, 2, 0, 3, 22, 89.89
SGD, 3, -9, 3, -9, 100, 100, 100, 100, 0.3, 0.15, 1, 2, 0, 3, 23, 89.83
SGD, 3, -9, 3, -9, 100, 100, 100, 100, 0.3, 0.15, 1, 2, 0, 3, 24, 88.78
SGD, 3, -9, 3, -9, 100, 100, 100, 100, 0.3, 0.15, 1, 2, 0, 3, 25, 90.01
SGD, 3, -9, 3, -9, 100, 100, 100, 100, 0.3, 0.15, 1, 2, 0, 3, 26, 90.93
SGD, 3, -9, 3, -9, 100, 100, 100, 100, 0.3, 0.15, 1, 2, 0, 3, 27, 90.17
SGD, 3, -9, 3, -9, 100, 100, 100, 100, 0.3, 0.15, 1, 2, 0, 3, 28, 90.47
SGD, 3, -9, 3, -9, 100, 100, 100, 100, 0.3, 0.15, 1, 2, 0, 3, 29, 89.77
SGD, 3, -9, 3, -9, 100, 100, 100, 100, 0.3, 0.15, 1, 2, 0, 3, 30, 90.18
SGD, 3, -9, 3, -9, 100, 100, 100, 100, 0.3, 0.15, 1, 2, 0, 3, 31, 90.48
SGD, 3, -9, 3, -9, 100, 100, 100, 100, 0.3, 0.15, 1, 2, 0, 3, 32, 90.22
SGD, 3, -9, 3, -9, 100, 100, 100, 100, 0.3, 0.15, 1, 2, 0, 3, 33, 91.02
SGD, 3, -9, 3, -9, 100, 100, 100, 100, 0.3, 0.15, 1, 2, 0, 3, 34, 90.98
SGD, 3, -9, 3, -9, 100, 100, 100, 100, 0.3, 0.15, 1, 2, 0, 3, 35, 90.43
SGD, 3, -9, 3, -9, 100, 100, 100, 100, 0.3, 0.15, 1, 2, 0, 3, 36, 89.83
SGD, 3, -9, 3, -9, 100, 100, 100, 100, 0.3, 0.15, 1, 2, 0, 3, 37, 90.39
SGD, 3, -9, 3, -9, 100, 100, 100, 100, 0.3, 0.15, 1, 2, 0, 3, 38, 90.19
SGD, 3, -9, 3, -9, 100, 100, 100, 100, 0.3, 0.15, 1, 2, 0, 3, 39, 90.65
SGD, 3, -9, 3, -9, 100, 100, 100, 100, 0.3, 0.15, 1, 2, 0, 3, 40, 90.44
SGD, 3, -9, 3, -9, 100, 100, 100, 100, 0.3, 0.15, 1, 2, 0, 3, 41, 90.66
SGD, 3, -9, 3, -9, 100, 100, 100, 100, 0.3, 0.15, 1, 2, 0, 3, 42, 91.03
SGD, 3, -9, 3, -9, 100, 100, 100, 100, 0.3, 0.15, 1, 2, 0, 3, 43, 91.1
SGD, 3, -9, 3, -9, 100, 100, 100, 100, 0.3, 0.15, 1, 2, 0, 3, 44, 90.85
SGD, 3, -9, 3, -9, 100, 100, 100, 100, 0.3, 0.15, 1, 2, 0, 3, 45, 90.97
SGD, 3, -9, 3, -9, 100, 100, 100, 100, 0.3, 0.15, 1, 2, 0, 3, 46, 90.36
SGD, 3, -9, 3, -9, 100, 100, 100, 100, 0.3, 0.15, 1, 2, 0, 3, 47, 89.99
SGD, 3, -9, 3, -9, 100, 100, 100, 100, 0.3, 0.15, 1, 2, 0, 3, 48, 90.61
SGD, 3, -9, 3, -9, 100, 100, 100, 100, 0.3, 0.15, 1, 2, 0, 3, 49, 89.61
SGD, 3, -9, 3, -9, 100, 100, 100, 100, 0.3, 0.15, 1, 2, 0, 3, 50, 90.86
SGD, 3, -9, 3, -9, 100, 100, 100, 100, 0.3, 0.15, 1, 2, 0, 3, 51, 91.1
SGD, 3, -9, 3, -9, 100, 100, 100, 100, 0.3, 0.15, 1, 2, 0, 3, 52, 90.7
SGD, 3, -9, 3, -9, 100, 100, 100, 100, 0.3, 0.15, 1, 2, 0, 3, 53, 90.16
SGD, 3, -9, 3, -9, 100, 100, 100, 100, 0.3, 0.15, 1, 2, 0, 3, 54, 91.5
SGD, 3, -9, 3, -9, 100, 100, 100, 100, 0.3, 0.15, 1, 2, 0, 3, 55, 90.9
SGD, 3, -9, 3, -9, 100, 100, 100, 100, 0.3, 0.15, 1, 2, 0, 3, 56, 91.23
SGD, 3, -9, 3, -9, 100, 100, 100, 100, 0.3, 0.15, 1, 2, 0, 3, 57, 91.02
SGD, 3, -9, 3, -9, 100, 100, 100, 100, 0.3, 0.15, 1, 2, 0, 3, 58, 90.81
SGD, 3, -9, 3, -9, 100, 100, 100, 100, 0.3, 0.15, 1, 2, 0, 3, 59, 91.73
SGD, 3, -9, 3, -9, 100, 100, 100, 100, 0.3, 0.15, 1, 2, 0, 3, 60, 91.34
SGD, 3, -9, 3, -9, 100, 100, 100, 100, 0.3, 0.15, 1, 2, 0, 3, 61, 91.46
SGD, 3, -9, 3, -9, 100, 100, 100, 100, 0.3, 0.15, 1, 2, 0, 3, 62, 90.84
SGD, 3, -9, 3, -9, 100, 100, 100, 100, 0.3, 0.15, 1, 2, 0, 3, 63, 91.34
SGD, 3, -9, 3, -9, 100, 100, 100, 100, 0.3, 0.15, 1, 2, 0, 3, 64, 90.52
SGD, 3, -9, 3, -9, 100, 100, 100, 100, 0.3, 0.15, 1, 2, 0, 3, 65, 91.14
SGD, 3, -9, 3, -9, 100, 100, 100, 100, 0.3, 0.15, 1, 2, 0, 3, 66, 91.16
SGD, 3, -9, 3, -9, 100, 100, 100, 100, 0.3, 0.15, 1, 2, 0, 3, 67, 90.69
SGD, 3, -9, 3, -9, 100, 100, 100, 100, 0.3, 0.15, 1, 2, 0, 3, 68, 90.73
SGD, 3, -9, 3, -9, 100, 100, 100, 100, 0.3, 0.15, 1, 2, 0, 3, 69, 91.05
SGD, 3, -9, 3, -9, 100, 100, 100, 100, 0.3, 0.15, 1, 2, 0, 3, 70, 91.04
SGD, 3, -9, 3, -9, 100, 100, 100, 100, 0.3, 0.15, 1, 2, 0, 3, 71, 90.97
SGD, 3, -9, 3, -9, 100, 100, 100, 100, 0.3, 0.15, 1, 2, 0, 3, 72, 92.08
SGD, 3, -9, 3, -9, 100, 100, 100, 100, 0.3, 0.15, 1, 2, 0, 3, 73, 91.55
SGD, 3, -9, 3, -9, 100, 100, 100, 100, 0.3, 0.15, 1, 2, 0, 3, 74, 91.52
SGD, 3, -9, 3, -9, 100, 100, 100, 100, 0.3, 0.15, 1, 2, 0, 3, 75, 92
SGD, 3, -9, 3, -9, 100, 100, 100, 100, 0.3, 0.15, 1, 2, 0, 3, 76, 90.87
SGD, 3, -9, 3, -9, 100, 100, 100, 100, 0.3, 0.15, 1, 2, 0, 3, 77, 91.69
SGD, 3, -9, 3, -9, 100, 100, 100, 100, 0.3, 0.15, 1, 2, 0, 3, 78, 91.56
SGD, 3, -9, 3, -9, 100, 100, 100, 100, 0.3, 0.15, 1, 2, 0, 3, 79, 91.48
SGD, 3, -9, 3, -9, 100, 100, 100, 100, 0.3, 0.15, 1, 2, 0, 3, 80, 91.33
SGD, 3, -9, 3, -9, 100, 100, 100, 100, 0.3, 0.15, 1, 2, 0, 3, 81, 91.82
SGD, 3, -9, 3, -9, 100, 100, 100, 100, 0.3, 0.15, 1, 2, 0, 3, 82, 90.87
SGD, 3, -9, 3, -9, 100, 100, 100, 100, 0.3, 0.15, 1, 2, 0, 3, 83, 92.05
SGD, 3, -9, 3, -9, 100, 100, 100, 100, 0.3, 0.15, 1, 2, 0, 3, 84, 90.86
SGD, 3, -9, 3, -9, 100, 100, 100, 100, 0.3, 0.15, 1, 2, 0, 3, 85, 91.71
SGD, 3, -9, 3, -9, 100, 100, 100, 100, 0.3, 0.15, 1, 2, 0, 3, 86, 91.61
SGD, 3, -9, 3, -9, 100, 100, 100, 100, 0.3, 0.15, 1, 2, 0, 3, 87, 91.94
SGD, 3, -9, 3, -9, 100, 100, 100, 100, 0.3, 0.15, 1, 2, 0, 3, 88, 90.53
SGD, 3, -9, 3, -9, 100, 100, 100, 100, 0.3, 0.15, 1, 2, 0, 3, 89, 91.68
SGD, 3, -9, 3, -9, 100, 100, 100, 100, 0.3, 0.15, 1, 2, 0, 3, 90, 92.05
SGD, 3, -9, 3, -9, 100, 100, 100, 100, 0.3, 0.15, 1, 2, 0, 3, 91, 91.51
SGD, 3, -9, 3, -9, 100, 100, 100, 100, 0.3, 0.15, 1, 2, 0, 3, 92, 90.92
SGD, 3, -9, 3, -9, 100, 100, 100, 100, 0.3, 0.15, 1, 2, 0, 3, 93, 90.5
SGD, 3, -9, 3, -9, 100, 100, 100, 100, 0.3, 0.15, 1, 2, 0, 3, 94, 91.71
SGD, 3, -9, 3, -9, 100, 100, 100, 100, 0.3, 0.15, 1, 2, 0, 3, 95, 91.37
SGD, 3, -9, 3, -9, 100, 100, 100, 100, 0.3, 0.15, 1, 2, 0, 3, 96, 91.28
SGD, 3, -9, 3, -9, 100, 100, 100, 100, 0.3, 0.15, 1, 2, 0, 3, 97, 91.06
SGD, 3, -9, 3, -9, 100, 100, 100, 100, 0.3, 0.15, 1, 2, 0, 3, 98, 91.52
SGD, 3, -9, 3, -9, 100, 100, 100, 100, 0.3, 0.15, 1, 2, 0, 3, 99, 91.07
SGD, 3, -9, 3, -9, 100, 100, 100, 100, 0.3, 0.15, 1, 2, 0, 3, 100, 90.76
SGD, 3, -9, 3, -9, 100, 100, 100, 100, 0.3, 0.15, 1, 2, 0, 3, 1, 57.69
SGD, 3, -9, 3, -9, 100, 100, 100, 100, 0.3, 0.15, 1, 2, 0, 3, 2, 79.9
SGD, 3, -9, 3, -9, 100, 100, 100, 100, 0.3, 0.15, 1, 2, 0, 3, 3, 83.19
SGD, 3, -9, 3, -9, 100, 100, 100, 100, 0.3, 0.15, 1, 2, 0, 3, 4, 85.97
SGD, 3, -9, 3, -9, 100, 100, 100, 100, 0.3, 0.15, 1, 2, 0, 3, 5, 86.8
SGD, 3, -9, 3, -9, 100, 100, 100, 100, 0.3, 0.15, 1, 2, 0, 3, 6, 87.36
SGD, 3, -9, 3, -9, 100, 100, 100, 100, 0.3, 0.15, 1, 2, 0, 3, 7, 88.08
SGD, 3, -9, 3, -9, 100, 100, 100, 100, 0.3, 0.15, 1, 2, 0, 3, 8, 88.57
SGD, 3, -9, 3, -9, 100, 100, 100, 100, 0.3, 0.15, 1, 2, 0, 3, 9, 88.01
SGD, 3, -9, 3, -9, 100, 100, 100, 100, 0.3, 0.15, 1, 2, 0, 3, 10, 88.31
SGD, 3, -9, 3, -9, 100, 100, 100, 100, 0.3, 0.15, 1, 2, 0, 3, 11, 87.84
SGD, 3, -9, 3, -9, 100, 100, 100, 100, 0.3, 0.15, 1, 2, 0, 3, 12, 88.97
SGD, 3, -9, 3, -9, 100, 100, 100, 100, 0.3, 0.15, 1, 2, 0, 3, 13, 88.61
SGD, 3, -9, 3, -9, 100, 100, 100, 100, 0.3, 0.15, 1, 2, 0, 3, 14, 89.63
SGD, 3, -9, 3, -9, 100, 100, 100, 100, 0.3, 0.15, 1, 2, 0, 3, 15, 88.98
SGD, 3, -9, 3, -9, 100, 100, 100, 100, 0.3, 0.15, 1, 2, 0, 3, 16, 88.25
SGD, 3, -9, 3, -9, 100, 100, 100, 100, 0.3, 0.15, 1, 2, 0, 3, 17, 86.51
SGD, 3, -9, 3, -9, 100, 100, 100, 100, 0.3, 0.15, 1, 2, 0, 3, 18, 90.11
SGD, 3, -9, 3, -9, 100, 100, 100, 100, 0.3, 0.15, 1, 2, 0, 3, 19, 89.86
SGD, 3, -9, 3, -9, 100, 100, 100, 100, 0.3, 0.15, 1, 2, 0, 3, 20, 90.05
SGD, 3, -9, 3, -9, 100, 100, 100, 100, 0.3, 0.15, 1, 2, 0, 3, 21, 90.23
SGD, 3, -9, 3, -9, 100, 100, 100, 100, 0.3, 0.15, 1, 2, 0, 3, 22, 89
SGD, 3, -9, 3, -9, 100, 100, 100, 100, 0.3, 0.15, 1, 2, 0, 3, 23, 89.88
SGD, 3, -9, 3, -9, 100, 100, 100, 100, 0.3, 0.15, 1, 2, 0, 3, 24, 89.62
SGD, 3, -9, 3, -9, 100, 100, 100, 100, 0.3, 0.15, 1, 2, 0, 3, 25, 89.41
SGD, 3, -9, 3, -9, 100, 100, 100, 100, 0.3, 0.15, 1, 2, 0, 3, 26, 89.59
SGD, 3, -9, 3, -9, 100, 100, 100, 100, 0.3, 0.15, 1, 2, 0, 3, 27, 89.63
SGD, 3, -9, 3, -9, 100, 100, 100, 100, 0.3, 0.15, 1, 2, 0, 3, 28, 90.55
SGD, 3, -9, 3, -9, 100, 100, 100, 100, 0.3, 0.15, 1, 2, 0, 3, 29, 91.21
SGD, 3, -9, 3, -9, 100, 100, 100, 100, 0.3, 0.15, 1, 2, 0, 3, 30, 89.07
SGD, 3, -9, 3, -9, 100, 100, 100, 100, 0.3, 0.15, 1, 2, 0, 3, 31, 90.33
SGD, 3, -9, 3, -9, 100, 100, 100, 100, 0.3, 0.15, 1, 2, 0, 3, 32, 90.5
SGD, 3, -9, 3, -9, 100, 100, 100, 100, 0.3, 0.15, 1, 2, 0, 3, 33, 90.49
SGD, 3, -9, 3, -9, 100, 100, 100, 100, 0.3, 0.15, 1, 2, 0, 3, 34, 91.1
SGD, 3, -9, 3, -9, 100, 100, 100, 100, 0.3, 0.15, 1, 2, 0, 3, 35, 90.06
SGD, 3, -9, 3, -9, 100, 100, 100, 100, 0.3, 0.15, 1, 2, 0, 3, 36, 90.07
SGD, 3, -9, 3, -9, 100, 100, 100, 100, 0.3, 0.15, 1, 2, 0, 3, 37, 88.68
SGD, 3, -9, 3, -9, 100, 100, 100, 100, 0.3, 0.15, 1, 2, 0, 3, 38, 90.74
SGD, 3, -9, 3, -9, 100, 100, 100, 100, 0.3, 0.15, 1, 2, 0, 3, 39, 90.84
SGD, 3, -9, 3, -9, 100, 100, 100, 100, 0.3, 0.15, 1, 2, 0, 3, 40, 90.08
SGD, 3, -9, 3, -9, 100, 100, 100, 100, 0.3, 0.15, 1, 2, 0, 3, 41, 90
SGD, 3, -9, 3, -9, 100, 100, 100, 100, 0.3, 0.15, 1, 2, 0, 3, 42, 90.4
SGD, 3, -9, 3, -9, 100, 100, 100, 100, 0.3, 0.15, 1, 2, 0, 3, 43, 91.17
SGD, 3, -9, 3, -9, 100, 100, 100, 100, 0.3, 0.15, 1, 2, 0, 3, 44, 91.26
SGD, 3, -9, 3, -9, 100, 100, 100, 100, 0.3, 0.15, 1, 2, 0, 3, 45, 90.85
SGD, 3, -9, 3, -9, 100, 100, 100, 100, 0.3, 0.15, 1, 2, 0, 3, 46, 90.68
SGD, 3, -9, 3, -9, 100, 100, 100, 100, 0.3, 0.15, 1, 2, 0, 3, 47, 90.72
SGD, 3, -9, 3, -9, 100, 100, 100, 100, 0.3, 0.15, 1, 2, 0, 3, 48, 89.81
SGD, 3, -9, 3, -9, 100, 100, 100, 100, 0.3, 0.15, 1, 2, 0, 3, 49, 91.15
SGD, 3, -9, 3, -9, 100, 100, 100, 100, 0.3, 0.15, 1, 2, 0, 3, 50, 90.52
SGD, 3, -9, 3, -9, 100, 100, 100, 100, 0.3, 0.15, 1, 2, 0, 3, 51, 91.83
SGD, 3, -9, 3, -9, 100, 100, 100, 100, 0.3, 0.15, 1, 2, 0, 3, 52, 91.02
SGD, 3, -9, 3, -9, 100, 100, 100, 100, 0.3, 0.15, 1, 2, 0, 3, 53, 90.86
SGD, 3, -9, 3, -9, 100, 100, 100, 100, 0.3, 0.15, 1, 2, 0, 3, 54, 91.66
SGD, 3, -9, 3, -9, 100, 100, 100, 100, 0.3, 0.15, 1, 2, 0, 3, 55, 90.83
SGD, 3, -9, 3, -9, 100, 100, 100, 100, 0.3, 0.15, 1, 2, 0, 3, 56, 91.51
SGD, 3, -9, 3, -9, 100, 100, 100, 100, 0.3, 0.15, 1, 2, 0, 3, 57, 91.52
SGD, 3, -9, 3, -9, 100, 100, 100, 100, 0.3, 0.15, 1, 2, 0, 3, 58, 91.44
SGD, 3, -9, 3, -9, 100, 100, 100, 100, 0.3, 0.15, 1, 2, 0, 3, 59, 91.03
SGD, 3, -9, 3, -9, 100, 100, 100, 100, 0.3, 0.15, 1, 2, 0, 3, 60, 91.26
SGD, 3, -9, 3, -9, 100, 100, 100, 100, 0.3, 0.15, 1, 2, 0, 3, 61, 90.77
SGD, 3, -9, 3, -9, 100, 100, 100, 100, 0.3, 0.15, 1, 2, 0, 3, 62, 91.4
SGD, 3, -9, 3, -9, 100, 100, 100, 100, 0.3, 0.15, 1, 2, 0, 3, 63, 89.98
SGD, 3, -9, 3, -9, 100, 100, 100, 100, 0.3, 0.15, 1, 2, 0, 3, 64, 90.84
SGD, 3, -9, 3, -9, 100, 100, 100, 100, 0.3, 0.15, 1, 2, 0, 3, 65, 90.16
SGD, 3, -9, 3, -9, 100, 100, 100, 100, 0.3, 0.15, 1, 2, 0, 3, 66, 91.08
SGD, 3, -9, 3, -9, 100, 100, 100, 100, 0.3, 0.15, 1, 2, 0, 3, 67, 90.08
SGD, 3, -9, 3, -9, 100, 100, 100, 100, 0.3, 0.15, 1, 2, 0, 3, 68, 91.57
SGD, 3, -9, 3, -9, 100, 100, 100, 100, 0.3, 0.15, 1, 2, 0, 3, 69, 91.61
SGD, 3, -9, 3, -9, 100, 100, 100, 100, 0.3, 0.15, 1, 2, 0, 3, 70, 91.34
SGD, 3, -9, 3, -9, 100, 100, 100, 100, 0.3, 0.15, 1, 2, 0, 3, 71, 91.24
SGD, 3, -9, 3, -9, 100, 100, 100, 100, 0.3, 0.15, 1, 2, 0, 3, 72, 92.03
SGD, 3, -9, 3, -9, 100, 100, 100, 100, 0.3, 0.15, 1, 2, 0, 3, 73, 91.71
SGD, 3, -9, 3, -9, 100, 100, 100, 100, 0.3, 0.15, 1, 2, 0, 3, 74, 91.76
SGD, 3, -9, 3, -9, 100, 100, 100, 100, 0.3, 0.15, 1, 2, 0, 3, 75, 91.72
SGD, 3, -9, 3, -9, 100, 100, 100, 100, 0.3, 0.15, 1, 2, 0, 3, 76, 91.22
SGD, 3, -9, 3, -9, 100, 100, 100, 100, 0.3, 0.15, 1, 2, 0, 3, 77, 91.35
SGD, 3, -9, 3, -9, 100, 100, 100, 100, 0.3, 0.15, 1, 2, 0, 3, 78, 91.24
SGD, 3, -9, 3, -9, 100, 100, 100, 100, 0.3, 0.15, 1, 2, 0, 3, 79, 91.45
SGD, 3, -9, 3, -9, 100, 100, 100, 100, 0.3, 0.15, 1, 2, 0, 3, 80, 91.44
SGD, 3, -9, 3, -9, 100, 100, 100, 100, 0.3, 0.15, 1, 2, 0, 3, 81, 91.49
SGD, 3, -9, 3, -9, 100, 100, 100, 100, 0.3, 0.15, 1, 2, 0, 3, 82, 92.15
SGD, 3, -9, 3, -9, 100, 100, 100, 100, 0.3, 0.15, 1, 2, 0, 3, 83, 91.56
SGD, 3, -9, 3, -9, 100, 100, 100, 100, 0.3, 0.15, 1, 2, 0, 3, 84, 91.46
SGD, 3, -9, 3, -9, 100, 100, 100, 100, 0.3, 0.15, 1, 2, 0, 3, 85, 91.46
SGD, 3, -9, 3, -9, 100, 100, 100, 100, 0.3, 0.15, 1, 2, 0, 3, 86, 91.13
SGD, 3, -9, 3, -9, 100, 100, 100, 100, 0.3, 0.15, 1, 2, 0, 3, 87, 92.06
SGD, 3, -9, 3, -9, 100, 100, 100, 100, 0.3, 0.15, 1, 2, 0, 3, 88, 91.47
SGD, 3, -9, 3, -9, 100, 100, 100, 100, 0.3, 0.15, 1, 2, 0, 3, 89, 91.67
SGD, 3, -9, 3, -9, 100, 100, 100, 100, 0.3, 0.15, 1, 2, 0, 3, 90, 91.53
SGD, 3, -9, 3, -9, 100, 100, 100, 100, 0.3, 0.15, 1, 2, 0, 3, 91, 90.95
SGD, 3, -9, 3, -9, 100, 100, 100, 100, 0.3, 0.15, 1, 2, 0, 3, 92, 90.41
SGD, 3, -9, 3, -9, 100, 100, 100, 100, 0.3, 0.15, 1, 2, 0, 3, 93, 91.14
SGD, 3, -9, 3, -9, 100, 100, 100, 100, 0.3, 0.15, 1, 2, 0, 3, 94, 91.49
SGD, 3, -9, 3, -9, 100, 100, 100, 100, 0.3, 0.15, 1, 2, 0, 3, 95, 91.65
SGD, 3, -9, 3, -9, 100, 100, 100, 100, 0.3, 0.15, 1, 2, 0, 3, 96, 92.17
SGD, 3, -9, 3, -9, 100, 100, 100, 100, 0.3, 0.15, 1, 2, 0, 3, 97, 91.38
SGD, 3, -9, 3, -9, 100, 100, 100, 100, 0.3, 0.15, 1, 2, 0, 3, 98, 91.91
SGD, 3, -9, 3, -9, 100, 100, 100, 100, 0.3, 0.15, 1, 2, 0, 3, 99, 91.78
SGD, 3, -9, 3, -9, 100, 100, 100, 100, 0.3, 0.15, 1, 2, 0, 3, 100, 91.53
SGD, 3, -9, 3, -9, 100, 100, 100, 100, 0.3, 0.15, 1, 2, 0, 3, 1, 51.78
SGD, 3, -9, 3, -9, 100, 100, 100, 100, 0.3, 0.15, 1, 2, 0, 3, 2, 75.47
SGD, 3, -9, 3, -9, 100, 100, 100, 100, 0.3, 0.15, 1, 2, 0, 3, 3, 83.29
SGD, 3, -9, 3, -9, 100, 100, 100, 100, 0.3, 0.15, 1, 2, 0, 3, 4, 85.18
SGD, 3, -9, 3, -9, 100, 100, 100, 100, 0.3, 0.15, 1, 2, 0, 3, 5, 86.07
SGD, 3, -9, 3, -9, 100, 100, 100, 100, 0.3, 0.15, 1, 2, 0, 3, 6, 86.95
SGD, 3, -9, 3, -9, 100, 100, 100, 100, 0.3, 0.15, 1, 2, 0, 3, 7, 86.95
SGD, 3, -9, 3, -9, 100, 100, 100, 100, 0.3, 0.15, 1, 2, 0, 3, 8, 87.56
SGD, 3, -9, 3, -9, 100, 100, 100, 100, 0.3, 0.15, 1, 2, 0, 3, 9, 87.75
SGD, 3, -9, 3, -9, 100, 100, 100, 100, 0.3, 0.15, 1, 2, 0, 3, 10, 88.47
SGD, 3, -9, 3, -9, 100, 100, 100, 100, 0.3, 0.15, 1, 2, 0, 3, 11, 88.47
SGD, 3, -9, 3, -9, 100, 100, 100, 100, 0.3, 0.15, 1, 2, 0, 3, 12, 89.09
SGD, 3, -9, 3, -9, 100, 100, 100, 100, 0.3, 0.15, 1, 2, 0, 3, 13, 88.63
SGD, 3, -9, 3, -9, 100, 100, 100, 100, 0.3, 0.15, 1, 2, 0, 3, 14, 90.17
SGD, 3, -9, 3, -9, 100, 100, 100, 100, 0.3, 0.15, 1, 2, 0, 3, 15, 88.38
SGD, 3, -9, 3, -9, 100, 100, 100, 100, 0.3, 0.15, 1, 2, 0, 3, 16, 89.19
SGD, 3, -9, 3, -9, 100, 100, 100, 100, 0.3, 0.15, 1, 2, 0, 3, 17, 89.22
SGD, 3, -9, 3, -9, 100, 100, 100, 100, 0.3, 0.15, 1, 2, 0, 3, 18, 90.36
SGD, 3, -9, 3, -9, 100, 100, 100, 100, 0.3, 0.15, 1, 2, 0, 3, 19, 90.27
SGD, 3, -9, 3, -9, 100, 100, 100, 100, 0.3, 0.15, 1, 2, 0, 3, 20, 89.69
SGD, 3, -9, 3, -9, 100, 100, 100, 100, 0.3, 0.15, 1, 2, 0, 3, 21, 90.61
SGD, 3, -9, 3, -9, 100, 100, 100, 100, 0.3, 0.15, 1, 2, 0, 3, 22, 89.05
SGD, 3, -9, 3, -9, 100, 100, 100, 100, 0.3, 0.15, 1, 2, 0, 3, 23, 90.23
SGD, 3, -9, 3, -9, 100, 100, 100, 100, 0.3, 0.15, 1, 2, 0, 3, 24, 89.8
SGD, 3, -9, 3, -9, 100, 100, 100, 100, 0.3, 0.15, 1, 2, 0, 3, 25, 88.82
SGD, 3, -9, 3, -9, 100, 100, 100, 100, 0.3, 0.15, 1, 2, 0, 3, 26, 89.8
SGD, 3, -9, 3, -9, 100, 100, 100, 100, 0.3, 0.15, 1, 2, 0, 3, 27, 90.06
SGD, 3, -9, 3, -9, 100, 100, 100, 100, 0.3, 0.15, 1, 2, 0, 3, 28, 90.94
SGD, 3, -9, 3, -9, 100, 100, 100, 100, 0.3, 0.15, 1, 2, 0, 3, 29, 90.42
SGD, 3, -9, 3, -9, 100, 100, 100, 100, 0.3, 0.15, 1, 2, 0, 3, 30, 89.46
SGD, 3, -9, 3, -9, 100, 100, 100, 100, 0.3, 0.15, 1, 2, 0, 3, 31, 90.31
SGD, 3, -9, 3, -9, 100, 100, 100, 100, 0.3, 0.15, 1, 2, 0, 3, 32, 91.49
SGD, 3, -9, 3, -9, 100, 100, 100, 100, 0.3, 0.15, 1, 2, 0, 3, 33, 91.13
SGD, 3, -9, 3, -9, 100, 100, 100, 100, 0.3, 0.15, 1, 2, 0, 3, 34, 91.06
SGD, 3, -9, 3, -9, 100, 100, 100, 100, 0.3, 0.15, 1, 2, 0, 3, 35, 90.84
SGD, 3, -9, 3, -9, 100, 100, 100, 100, 0.3, 0.15, 1, 2, 0, 3, 36, 90.13
SGD, 3, -9, 3, -9, 100, 100, 100, 100, 0.3, 0.15, 1, 2, 0, 3, 37, 91.01
SGD, 3, -9, 3, -9, 100, 100, 100, 100, 0.3, 0.15, 1, 2, 0, 3, 38, 90.84
SGD, 3, -9, 3, -9, 100, 100, 100, 100, 0.3, 0.15, 1, 2, 0, 3, 39, 91.01
SGD, 3, -9, 3, -9, 100, 100, 100, 100, 0.3, 0.15, 1, 2, 0, 3, 40, 90.37
SGD, 3, -9, 3, -9, 100, 100, 100, 100, 0.3, 0.15, 1, 2, 0, 3, 41, 90.83
SGD, 3, -9, 3, -9, 100, 100, 100, 100, 0.3, 0.15, 1, 2, 0, 3, 42, 90.76
SGD, 3, -9, 3, -9, 100, 100, 100, 100, 0.3, 0.15, 1, 2, 0, 3, 43, 91.36
SGD, 3, -9, 3, -9, 100, 100, 100, 100, 0.3, 0.15, 1, 2, 0, 3, 44, 91.2
SGD, 3, -9, 3, -9, 100, 100, 100, 100, 0.3, 0.15, 1, 2, 0, 3, 45, 90.84
SGD, 3, -9, 3, -9, 100, 100, 100, 100, 0.3, 0.15, 1, 2, 0, 3, 46, 90.23
SGD, 3, -9, 3, -9, 100, 100, 100, 100, 0.3, 0.15, 1, 2, 0, 3, 47, 90.34
SGD, 3, -9, 3, -9, 100, 100, 100, 100, 0.3, 0.15, 1, 2, 0, 3, 48, 91.45
SGD, 3, -9, 3, -9, 100, 100, 100, 100, 0.3, 0.15, 1, 2, 0, 3, 49, 91.05
SGD, 3, -9, 3, -9, 100, 100, 100, 100, 0.3, 0.15, 1, 2, 0, 3, 50, 91.12
SGD, 3, -9, 3, -9, 100, 100, 100, 100, 0.3, 0.15, 1, 2, 0, 3, 51, 91.53
SGD, 3, -9, 3, -9, 100, 100, 100, 100, 0.3, 0.15, 1, 2, 0, 3, 52, 91.33
SGD, 3, -9, 3, -9, 100, 100, 100, 100, 0.3, 0.15, 1, 2, 0, 3, 53, 90.23
SGD, 3, -9, 3, -9, 100, 100, 100, 100, 0.3, 0.15, 1, 2, 0, 3, 54, 91.38
SGD, 3, -9, 3, -9, 100, 100, 100, 100, 0.3, 0.15, 1, 2, 0, 3, 55, 90.97
SGD, 3, -9, 3, -9, 100, 100, 100, 100, 0.3, 0.15, 1, 2, 0, 3, 56, 91.83
SGD, 3, -9, 3, -9, 100, 100, 100, 100, 0.3, 0.15, 1, 2, 0, 3, 57, 91.66
SGD, 3, -9, 3, -9, 100, 100, 100, 100, 0.3, 0.15, 1, 2, 0, 3, 58, 90.95
SGD, 3, -9, 3, -9, 100, 100, 100, 100, 0.3, 0.15, 1, 2, 0, 3, 59, 91.51
SGD, 3, -9, 3, -9, 100, 100, 100, 100, 0.3, 0.15, 1, 2, 0, 3, 60, 91.73
SGD, 3, -9, 3, -9, 100, 100, 100, 100, 0.3, 0.15, 1, 2, 0, 3, 61, 91.06
SGD, 3, -9, 3, -9, 100, 100, 100, 100, 0.3, 0.15, 1, 2, 0, 3, 62, 91.85
SGD, 3, -9, 3, -9, 100, 100, 100, 100, 0.3, 0.15, 1, 2, 0, 3, 63, 91.33
SGD, 3, -9, 3, -9, 100, 100, 100, 100, 0.3, 0.15, 1, 2, 0, 3, 64, 90.17
SGD, 3, -9, 3, -9, 100, 100, 100, 100, 0.3, 0.15, 1, 2, 0, 3, 65, 90.91
SGD, 3, -9, 3, -9, 100, 100, 100, 100, 0.3, 0.15, 1, 2, 0, 3, 66, 91.04
SGD, 3, -9, 3, -9, 100, 100, 100, 100, 0.3, 0.15, 1, 2, 0, 3, 67, 91.07
SGD, 3, -9, 3, -9, 100, 100, 100, 100, 0.3, 0.15, 1, 2, 0, 3, 68, 91.66
SGD, 3, -9, 3, -9, 100, 100, 100, 100, 0.3, 0.15, 1, 2, 0, 3, 69, 91.51
SGD, 3, -9, 3, -9, 100, 100, 100, 100, 0.3, 0.15, 1, 2, 0, 3, 70, 90.59
SGD, 3, -9, 3, -9, 100, 100, 100, 100, 0.3, 0.15, 1, 2, 0, 3, 71, 92.24
SGD, 3, -9, 3, -9, 100, 100, 100, 100, 0.3, 0.15, 1, 2, 0, 3, 72, 91.47
SGD, 3, -9, 3, -9, 100, 100, 100, 100, 0.3, 0.15, 1, 2, 0, 3, 73, 91.91
SGD, 3, -9, 3, -9, 100, 100, 100, 100, 0.3, 0.15, 1, 2, 0, 3, 74, 91.18
SGD, 3, -9, 3, -9, 100, 100, 100, 100, 0.3, 0.15, 1, 2, 0, 3, 75, 91.46
SGD, 3, -9, 3, -9, 100, 100, 100, 100, 0.3, 0.15, 1, 2, 0, 3, 76, 91.2
SGD, 3, -9, 3, -9, 100, 100, 100, 100, 0.3, 0.15, 1, 2, 0, 3, 77, 90.88
SGD, 3, -9, 3, -9, 100, 100, 100, 100, 0.3, 0.15, 1, 2, 0, 3, 78, 91.73
SGD, 3, -9, 3, -9, 100, 100, 100, 100, 0.3, 0.15, 1, 2, 0, 3, 79, 91.37
SGD, 3, -9, 3, -9, 100, 100, 100, 100, 0.3, 0.15, 1, 2, 0, 3, 80, 91.26
SGD, 3, -9, 3, -9, 100, 100, 100, 100, 0.3, 0.15, 1, 2, 0, 3, 81, 91.7
SGD, 3, -9, 3, -9, 100, 100, 100, 100, 0.3, 0.15, 1, 2, 0, 3, 82, 90.89
SGD, 3, -9, 3, -9, 100, 100, 100, 100, 0.3, 0.15, 1, 2, 0, 3, 83, 91.71
SGD, 3, -9, 3, -9, 100, 100, 100, 100, 0.3, 0.15, 1, 2, 0, 3, 84, 91.8
SGD, 3, -9, 3, -9, 100, 100, 100, 100, 0.3, 0.15, 1, 2, 0, 3, 85, 91.25
SGD, 3, -9, 3, -9, 100, 100, 100, 100, 0.3, 0.15, 1, 2, 0, 3, 86, 91.71
SGD, 3, -9, 3, -9, 100, 100, 100, 100, 0.3, 0.15, 1, 2, 0, 3, 87, 91.87
SGD, 3, -9, 3, -9, 100, 100, 100, 100, 0.3, 0.15, 1, 2, 0, 3, 88, 90.77
SGD, 3, -9, 3, -9, 100, 100, 100, 100, 0.3, 0.15, 1, 2, 0, 3, 89, 91.72
SGD, 3, -9, 3, -9, 100, 100, 100, 100, 0.3, 0.15, 1, 2, 0, 3, 90, 90.75
SGD, 3, -9, 3, -9, 100, 100, 100, 100, 0.3, 0.15, 1, 2, 0, 3, 91, 91.96
SGD, 3, -9, 3, -9, 100, 100, 100, 100, 0.3, 0.15, 1, 2, 0, 3, 92, 91.68
SGD, 3, -9, 3, -9, 100, 100, 100, 100, 0.3, 0.15, 1, 2, 0, 3, 93, 90.47
SGD, 3, -9, 3, -9, 100, 100, 100, 100, 0.3, 0.15, 1, 2, 0, 3, 94, 91.69
SGD, 3, -9, 3, -9, 100, 100, 100, 100, 0.3, 0.15, 1, 2, 0, 3, 95, 90.63
SGD, 3, -9, 3, -9, 100, 100, 100, 100, 0.3, 0.15, 1, 2, 0, 3, 96, 91.17
SGD, 3, -9, 3, -9, 100, 100, 100, 100, 0.3, 0.15, 1, 2, 0, 3, 97, 90.31
SGD, 3, -9, 3, -9, 100, 100, 100, 100, 0.3, 0.15, 1, 2, 0, 3, 98, 91.81
SGD, 3, -9, 3, -9, 100, 100, 100, 100, 0.3, 0.15, 1, 2, 0, 3, 99, 92.07
SGD, 3, -9, 3, -9, 100, 100, 100, 100, 0.3, 0.15, 1, 2, 0, 3, 100, 91.85
SGD, 3, -9, 3, -9, 100, 100, 100, 100, 0.3, 0.15, 1, 2, 0, 3, 1, 42.9
SGD, 3, -9, 3, -9, 100, 100, 100, 100, 0.3, 0.15, 1, 2, 0, 3, 2, 76.62
SGD, 3, -9, 3, -9, 100, 100, 100, 100, 0.3, 0.15, 1, 2, 0, 3, 3, 82.96
SGD, 3, -9, 3, -9, 100, 100, 100, 100, 0.3, 0.15, 1, 2, 0, 3, 4, 85.54
SGD, 3, -9, 3, -9, 100, 100, 100, 100, 0.3, 0.15, 1, 2, 0, 3, 5, 85.85
SGD, 3, -9, 3, -9, 100, 100, 100, 100, 0.3, 0.15, 1, 2, 0, 3, 6, 86.79
SGD, 3, -9, 3, -9, 100, 100, 100, 100, 0.3, 0.15, 1, 2, 0, 3, 7, 88.14
SGD, 3, -9, 3, -9, 100, 100, 100, 100, 0.3, 0.15, 1, 2, 0, 3, 8, 88.33
SGD, 3, -9, 3, -9, 100, 100, 100, 100, 0.3, 0.15, 1, 2, 0, 3, 9, 88.37
SGD, 3, -9, 3, -9, 100, 100, 100, 100, 0.3, 0.15, 1, 2, 0, 3, 10, 89.1
SGD, 3, -9, 3, -9, 100, 100, 100, 100, 0.3, 0.15, 1, 2, 0, 3, 11, 88.27
SGD, 3, -9, 3, -9, 100, 100, 100, 100, 0.3, 0.15, 1, 2, 0, 3, 12, 89.64
SGD, 3, -9, 3, -9, 100, 100, 100, 100, 0.3, 0.15, 1, 2, 0, 3, 13, 88.83
SGD, 3, -9, 3, -9, 100, 100, 100, 100, 0.3, 0.15, 1, 2, 0, 3, 14, 89.94
SGD, 3, -9, 3, -9, 100, 100, 100, 100, 0.3, 0.15, 1, 2, 0, 3, 15, 89.16
SGD, 3, -9, 3, -9, 100, 100, 100, 100, 0.3, 0.15, 1, 2, 0, 3, 16, 89.1
SGD, 3, -9, 3, -9, 100, 100, 100, 100, 0.3, 0.15, 1, 2, 0, 3, 17, 89
SGD, 3, -9, 3, -9, 100, 100, 100, 100, 0.3, 0.15, 1, 2, 0, 3, 18, 90.19
SGD, 3, -9, 3, -9, 100, 100, 100, 100, 0.3, 0.15, 1, 2, 0, 3, 19, 90.12
SGD, 3, -9, 3, -9, 100, 100, 100, 100, 0.3, 0.15, 1, 2, 0, 3, 20, 90.03
SGD, 3, -9, 3, -9, 100, 100, 100, 100, 0.3, 0.15, 1, 2, 0, 3, 21, 89.64
SGD, 3, -9, 3, -9, 100, 100, 100, 100, 0.3, 0.15, 1, 2, 0, 3, 22, 89.17
SGD, 3, -9, 3, -9, 100, 100, 100, 100, 0.3, 0.15, 1, 2, 0, 3, 23, 90.22
SGD, 3, -9, 3, -9, 100, 100, 100, 100, 0.3, 0.15, 1, 2, 0, 3, 24, 90.58
SGD, 3, -9, 3, -9, 100, 100, 100, 100, 0.3, 0.15, 1, 2, 0, 3, 25, 90.32
SGD, 3, -9, 3, -9, 100, 100, 100, 100, 0.3, 0.15, 1, 2, 0, 3, 26, 89.55
SGD, 3, -9, 3, -9, 100, 100, 100, 100, 0.3, 0.15, 1, 2, 0, 3, 27, 90.7
SGD, 3, -9, 3, -9, 100, 100, 100, 100, 0.3, 0.15, 1, 2, 0, 3, 28, 90.56
SGD, 3, -9, 3, -9, 100, 100, 100, 100, 0.3, 0.15, 1, 2, 0, 3, 29, 90.69
SGD, 3, -9, 3, -9, 100, 100, 100, 100, 0.3, 0.15, 1, 2, 0, 3, 30, 90.86
SGD, 3, -9, 3, -9, 100, 100, 100, 100, 0.3, 0.15, 1, 2, 0, 3, 31, 90.34
SGD, 3, -9, 3, -9, 100, 100, 100, 100, 0.3, 0.15, 1, 2, 0, 3, 32, 90.97
SGD, 3, -9, 3, -9, 100, 100, 100, 100, 0.3, 0.15, 1, 2, 0, 3, 33, 90.54
SGD, 3, -9, 3, -9, 100, 100, 100, 100, 0.3, 0.15, 1, 2, 0, 3, 34, 90.38
SGD, 3, -9, 3, -9, 100, 100, 100, 100, 0.3, 0.15, 1, 2, 0, 3, 35, 91.01
SGD, 3, -9, 3, -9, 100, 100, 100, 100, 0.3, 0.15, 1, 2, 0, 3, 36, 90.33
SGD, 3, -9, 3, -9, 100, 100, 100, 100, 0.3, 0.15, 1, 2, 0, 3, 37, 89.36
SGD, 3, -9, 3, -9, 100, 100, 100, 100, 0.3, 0.15, 1, 2, 0, 3, 38, 89.83
SGD, 3, -9, 3, -9, 100, 100, 100, 100, 0.3, 0.15, 1, 2, 0, 3, 39, 90.8
SGD, 3, -9, 3, -9, 100, 100, 100, 100, 0.3, 0.15, 1, 2, 0, 3, 40, 91.42
SGD, 3, -9, 3, -9, 100, 100, 100, 100, 0.3, 0.15, 1, 2, 0, 3, 41, 90.69
SGD, 3, -9, 3, -9, 100, 100, 100, 100, 0.3, 0.15, 1, 2, 0, 3, 42, 91.29
SGD, 3, -9, 3, -9, 100, 100, 100, 100, 0.3, 0.15, 1, 2, 0, 3, 43, 90.86
SGD, 3, -9, 3, -9, 100, 100, 100, 100, 0.3, 0.15, 1, 2, 0, 3, 44, 91.11
SGD, 3, -9, 3, -9, 100, 100, 100, 100, 0.3, 0.15, 1, 2, 0, 3, 45, 91.27
SGD, 3, -9, 3, -9, 100, 100, 100, 100, 0.3, 0.15, 1, 2, 0, 3, 46, 90.86
SGD, 3, -9, 3, -9, 100, 100, 100, 100, 0.3, 0.15, 1, 2, 0, 3, 47, 90.8
SGD, 3, -9, 3, -9, 100, 100, 100, 100, 0.3, 0.15, 1, 2, 0, 3, 48, 91.5
SGD, 3, -9, 3, -9, 100, 100, 100, 100, 0.3, 0.15, 1, 2, 0, 3, 49, 90.69
SGD, 3, -9, 3, -9, 100, 100, 100, 100, 0.3, 0.15, 1, 2, 0, 3, 50, 91.03
SGD, 3, -9, 3, -9, 100, 100, 100, 100, 0.3, 0.15, 1, 2, 0, 3, 51, 91.07
SGD, 3, -9, 3, -9, 100, 100, 100, 100, 0.3, 0.15, 1, 2, 0, 3, 52, 91.25
SGD, 3, -9, 3, -9, 100, 100, 100, 100, 0.3, 0.15, 1, 2, 0, 3, 53, 90.83
SGD, 3, -9, 3, -9, 100, 100, 100, 100, 0.3, 0.15, 1, 2, 0, 3, 54, 91.75
SGD, 3, -9, 3, -9, 100, 100, 100, 100, 0.3, 0.15, 1, 2, 0, 3, 55, 91.74
SGD, 3, -9, 3, -9, 100, 100, 100, 100, 0.3, 0.15, 1, 2, 0, 3, 56, 91.62
SGD, 3, -9, 3, -9, 100, 100, 100, 100, 0.3, 0.15, 1, 2, 0, 3, 57, 90.61
SGD, 3, -9, 3, -9, 100, 100, 100, 100, 0.3, 0.15, 1, 2, 0, 3, 58, 91.37
SGD, 3, -9, 3, -9, 100, 100, 100, 100, 0.3, 0.15, 1, 2, 0, 3, 59, 92.12
SGD, 3, -9, 3, -9, 100, 100, 100, 100, 0.3, 0.15, 1, 2, 0, 3, 60, 91.62
SGD, 3, -9, 3, -9, 100, 100, 100, 100, 0.3, 0.15, 1, 2, 0, 3, 61, 91.54
SGD, 3, -9, 3, -9, 100, 100, 100, 100, 0.3, 0.15, 1, 2, 0, 3, 62, 91.47
SGD, 3, -9, 3, -9, 100, 100, 100, 100, 0.3, 0.15, 1, 2, 0, 3, 63, 91.14
SGD, 3, -9, 3, -9, 100, 100, 100, 100, 0.3, 0.15, 1, 2, 0, 3, 64, 90.84
SGD, 3, -9, 3, -9, 100, 100, 100, 100, 0.3, 0.15, 1, 2, 0, 3, 65, 90.56
SGD, 3, -9, 3, -9, 100, 100, 100, 100, 0.3, 0.15, 1, 2, 0, 3, 66, 91.18
SGD, 3, -9, 3, -9, 100, 100, 100, 100, 0.3, 0.15, 1, 2, 0, 3, 67, 91
SGD, 3, -9, 3, -9, 100, 100, 100, 100, 0.3, 0.15, 1, 2, 0, 3, 68, 91.27
SGD, 3, -9, 3, -9, 100, 100, 100, 100, 0.3, 0.15, 1, 2, 0, 3, 69, 91.09
SGD, 3, -9, 3, -9, 100, 100, 100, 100, 0.3, 0.15, 1, 2, 0, 3, 70, 91.61
SGD, 3, -9, 3, -9, 100, 100, 100, 100, 0.3, 0.15, 1, 2, 0, 3, 71, 91.59
SGD, 3, -9, 3, -9, 100, 100, 100, 100, 0.3, 0.15, 1, 2, 0, 3, 72, 91.54
SGD, 3, -9, 3, -9, 100, 100, 100, 100, 0.3, 0.15, 1, 2, 0, 3, 73, 91.46
SGD, 3, -9, 3, -9, 100, 100, 100, 100, 0.3, 0.15, 1, 2, 0, 3, 74, 91.36
SGD, 3, -9, 3, -9, 100, 100, 100, 100, 0.3, 0.15, 1, 2, 0, 3, 75, 91.09
SGD, 3, -9, 3, -9, 100, 100, 100, 100, 0.3, 0.15, 1, 2, 0, 3, 76, 91.77
SGD, 3, -9, 3, -9, 100, 100, 100, 100, 0.3, 0.15, 1, 2, 0, 3, 77, 91.89
SGD, 3, -9, 3, -9, 100, 100, 100, 100, 0.3, 0.15, 1, 2, 0, 3, 78, 91.82
SGD, 3, -9, 3, -9, 100, 100, 100, 100, 0.3, 0.15, 1, 2, 0, 3, 79, 91.14
SGD, 3, -9, 3, -9, 100, 100, 100, 100, 0.3, 0.15, 1, 2, 0, 3, 80, 91.97
SGD, 3, -9, 3, -9, 100, 100, 100, 100, 0.3, 0.15, 1, 2, 0, 3, 81, 91.69
SGD, 3, -9, 3, -9, 100, 100, 100, 100, 0.3, 0.15, 1, 2, 0, 3, 82, 91.82
SGD, 3, -9, 3, -9, 100, 100, 100, 100, 0.3, 0.15, 1, 2, 0, 3, 83, 91.4
SGD, 3, -9, 3, -9, 100, 100, 100, 100, 0.3, 0.15, 1, 2, 0, 3, 84, 91.19
SGD, 3, -9, 3, -9, 100, 100, 100, 100, 0.3, 0.15, 1, 2, 0, 3, 85, 91.07
SGD, 3, -9, 3, -9, 100, 100, 100, 100, 0.3, 0.15, 1, 2, 0, 3, 86, 91.21
SGD, 3, -9, 3, -9, 100, 100, 100, 100, 0.3, 0.15, 1, 2, 0, 3, 87, 92.03
SGD, 3, -9, 3, -9, 100, 100, 100, 100, 0.3, 0.15, 1, 2, 0, 3, 88, 91.61
SGD, 3, -9, 3, -9, 100, 100, 100, 100, 0.3, 0.15, 1, 2, 0, 3, 89, 91.87
SGD, 3, -9, 3, -9, 100, 100, 100, 100, 0.3, 0.15, 1, 2, 0, 3, 90, 91.58
SGD, 3, -9, 3, -9, 100, 100, 100, 100, 0.3, 0.15, 1, 2, 0, 3, 91, 91.29
SGD, 3, -9, 3, -9, 100, 100, 100, 100, 0.3, 0.15, 1, 2, 0, 3, 92, 91.48
SGD, 3, -9, 3, -9, 100, 100, 100, 100, 0.3, 0.15, 1, 2, 0, 3, 93, 90.82
SGD, 3, -9, 3, -9, 100, 100, 100, 100, 0.3, 0.15, 1, 2, 0, 3, 94, 91.77
SGD, 3, -9, 3, -9, 100, 100, 100, 100, 0.3, 0.15, 1, 2, 0, 3, 95, 91.88
SGD, 3, -9, 3, -9, 100, 100, 100, 100, 0.3, 0.15, 1, 2, 0, 3, 96, 92.25
SGD, 3, -9, 3, -9, 100, 100, 100, 100, 0.3, 0.15, 1, 2, 0, 3, 97, 91.5
SGD, 3, -9, 3, -9, 100, 100, 100, 100, 0.3, 0.15, 1, 2, 0, 3, 98, 91.86
SGD, 3, -9, 3, -9, 100, 100, 100, 100, 0.3, 0.15, 1, 2, 0, 3, 99, 91.99
SGD, 3, -9, 3, -9, 100, 100, 100, 100, 0.3, 0.15, 1, 2, 0, 3, 100, 91.78
SGD, 3, -9, 3, -9, 100, 100, 100, 100, 0.3, 0.15, 1, 2, 0, 3, 1, 44.16
SGD, 3, -9, 3, -9, 100, 100, 100, 100, 0.3, 0.15, 1, 2, 0, 3, 2, 78
SGD, 3, -9, 3, -9, 100, 100, 100, 100, 0.3, 0.15, 1, 2, 0, 3, 3, 84.18
SGD, 3, -9, 3, -9, 100, 100, 100, 100, 0.3, 0.15, 1, 2, 0, 3, 4, 84.88
SGD, 3, -9, 3, -9, 100, 100, 100, 100, 0.3, 0.15, 1, 2, 0, 3, 5, 85.73
SGD, 3, -9, 3, -9, 100, 100, 100, 100, 0.3, 0.15, 1, 2, 0, 3, 6, 86.24
SGD, 3, -9, 3, -9, 100, 100, 100, 100, 0.3, 0.15, 1, 2, 0, 3, 7, 86.91
SGD, 3, -9, 3, -9, 100, 100, 100, 100, 0.3, 0.15, 1, 2, 0, 3, 8, 86.99
SGD, 3, -9, 3, -9, 100, 100, 100, 100, 0.3, 0.15, 1, 2, 0, 3, 9, 87.58
SGD, 3, -9, 3, -9, 100, 100, 100, 100, 0.3, 0.15, 1, 2, 0, 3, 10, 88.53
SGD, 3, -9, 3, -9, 100, 100, 100, 100, 0.3, 0.15, 1, 2, 0, 3, 11, 88.73
SGD, 3, -9, 3, -9, 100, 100, 100, 100, 0.3, 0.15, 1, 2, 0, 3, 12, 88.17
SGD, 3, -9, 3, -9, 100, 100, 100, 100, 0.3, 0.15, 1, 2, 0, 3, 13, 89
SGD, 3, -9, 3, -9, 100, 100, 100, 100, 0.3, 0.15, 1, 2, 0, 3, 14, 89.61
SGD, 3, -9, 3, -9, 100, 100, 100, 100, 0.3, 0.15, 1, 2, 0, 3, 15, 87.91
SGD, 3, -9, 3, -9, 100, 100, 100, 100, 0.3, 0.15, 1, 2, 0, 3, 16, 89.21
SGD, 3, -9, 3, -9, 100, 100, 100, 100, 0.3, 0.15, 1, 2, 0, 3, 17, 87.49
SGD, 3, -9, 3, -9, 100, 100, 100, 100, 0.3, 0.15, 1, 2, 0, 3, 18, 90.36
SGD, 3, -9, 3, -9, 100, 100, 100, 100, 0.3, 0.15, 1, 2, 0, 3, 19, 89.72
SGD, 3, -9, 3, -9, 100, 100, 100, 100, 0.3, 0.15, 1, 2, 0, 3, 20, 89.54
SGD, 3, -9, 3, -9, 100, 100, 100, 100, 0.3, 0.15, 1, 2, 0, 3, 21, 89.77
SGD, 3, -9, 3, -9, 100, 100, 100, 100, 0.3, 0.15, 1, 2, 0, 3, 22, 88.85
SGD, 3, -9, 3, -9, 100, 100, 100, 100, 0.3, 0.15, 1, 2, 0, 3, 23, 89.56
SGD, 3, -9, 3, -9, 100, 100, 100, 100, 0.3, 0.15, 1, 2, 0, 3, 24, 90.3
SGD, 3, -9, 3, -9, 100, 100, 100, 100, 0.3, 0.15, 1, 2, 0, 3, 25, 90.52
